<?xml version="1.0"?>
<!DOCTYPE modification SYSTEM "http://www.simplemachines.org/xml/modification">
<modification xmlns="http://www.simplemachines.org/xml/modification" xmlns:smf="http://www.simplemachines.org/">
	<id>MrMike:BotScout</id>
	<version>1.1</version>
	<file name="$sourcedir/Register.php">
		<operation>
			<search position="replace"><![CDATA[	// Registration options are always default options...]]></search>
			<add><![CDATA[	require_once($sourcedir . '/BotScout.php');
	checkBotScout($regOptions['username'], $regOptions['email']);

	// Registration options are always default options...]]></add>
		</operation>
	</file>
	<file name="$languagedir/Modifications.english.php">
		<operation>
			<search position="end" />
			<add><![CDATA[
$txt['botscout_mail_subject'] = 'Bot Attempt Stopped';
$txt['botscout_mail_body'] = 'A bot tried to register, but was stopped from doing so.' . "\n\n" . 'Bot Name: %s' . "\n" . 'Bot Email: %s' . "\n" . 'IP Address: %s';
]]></add>
		</operation>
	</file>
	<file name="$languagedir/Modifications.english-utf8.php" error="skip">
		<operation>
			<search position="end" />
			<add><![CDATA[
$txt['botscout_mail_subject'] = 'Bot Attempt Stopped';
$txt['botscout_mail_body'] = 'A bot tried to register, but was stopped from doing so.' . "\n\n" . 'Bot Name: %s' . "\n" . 'Bot Email: %s' . "\n" . 'IP Address: %s';
]]></add>
		</operation>
	</file>
</modification>