<?xml version="1.0"?>
<!DOCTYPE package-info SYSTEM "http://www.simplemachines.org/xml/package-info">
<package-info xmlns="http://www.simplemachines.org/xml/package-info" xmlns:smf="http://www.simplemachines.org/">
	<id>MrMike:BotScout</id>
	<name>Bot Buster</name>
	<version>1.1</version>
	<type>modification</type>
	<install>
		<modification type="file">install.xml</modification>
		<require-file name="BotScout.php" destination="$sourcedir" />
	</install>
	<uninstall>
		<modification type="file" reverse="true">install.xml</modification>
		<remove-file name="$sourcedir/BotScout.php" />
	</uninstall>
</package-info>
